silhouette_group,silhouette_vol,volatility_clf_acc,group_clf_acc,overall_alpha
0.185132697224617,0.14807194471359253,0.7262893081761005,0.6812578616352201,0.9481225
