drift_ratio,high_volatility,low_volatility,medium_volatility,silhouette_group,silhouette_volatility,volatility_clf_acc,group_clf_acc,overall_alpha,group_alphas
3.1625307585308122,0.3192032069654088,0.10093283870974842,0.18744779042148849,0.07524361461400986,0.05069766938686371,0.7520754716981133,0.6720125786163522,0.99877095,"{'suppressive': np.float32(0.9986206), 'reactive': np.float32(0.99975055), 'positive': np.float32(0.9975664), 'negative': np.float32(0.99935645), 'balanced': np.float32(0.9985606)}"
